feature,importance
CONDITION_COUNT,0.47822248935699463
HBA1C,0.13107386231422424
MED_COUNT,0.07309553027153015
SYSTOLIC_BP,0.06609642505645752
PROCEDURE_COUNT,0.05498760566115379
GLUCOSE,0.0426064059138298
BMI,0.04057275131344795
GENDER_ENC,0.03175972029566765
UNIQUE_ENCOUNTER_TYPES,0.0302413422614336
ENCOUNTER_COUNT,0.026681212708353996
AGE_YEARS,0.024662604555487633
IS_DECEASED,0.0
RACE_ENC,0.0
